Workbook

Sheet Data_Dictionary
A1: SkyBridge Airways - Daily Flight Log (1 Jan to 30 Apr 2026, 120 days)
A2: One flagship departure from Delhi recorded per day. Aircraft capacity = 180 seats. Customer rating scale = 1 to 5.
A4: Variable | B4: Type | C4: Meaning | D4: Unit / Valid range
A5: Date | B5: Date (time series) | C5: Day of departure | D5: Daily, 1 Jan - 30 Apr 2026
A6: Flight_ID | B6: Text (ID) | C6: Unique flight code | D6: SB-001 to SB-120
A7: Route | B7: Category | C7: Destination sector from Delhi | D7: Mumbai / Bengaluru / Goa
A8: Passengers | B8: Numeric | C8: Passengers who flew | D8: Count, 0 to 180
A9: Ticket_Price | B9: Numeric | C9: Average fare paid per passenger | D9: INR
A10: Delay_Minutes | B10: Numeric | C10: Departure delay | D10: Minutes, 0 or more
A11: Flight_Duration_Min | B11: Numeric | C11: Gate-to-gate flying time | D11: Minutes
A12: Fuel_Cost | B12: Numeric | C12: Fuel cost for the flight | D12: INR thousand
A13: Ancillary_Revenue | B13: Numeric | C13: Bags, meals, seat selection revenue | D13: INR
A14: Baggage_Complaints | B14: Numeric (count) | C14: Baggage complaints logged for the flight | D14: Count
A15: Customer_Rating | B15: Numeric | C15: Average passenger satisfaction | D15: Scale 1 to 5
A16: Crew_Overtime_Hours | B16: Numeric | C16: Total crew overtime for the flight | D16: Hours
A18: Sheets: Unclean_Data (raw data with blanks and unusual values) | Excel_Stats (Excel formulas on the raw data). Cleaning is done in the Python (Colab) notebook.
A19: In Unclean_Data, red-shaded cells are blank (missing) values.

Sheet Unclean_Data
A1: Date | B1: Flight_ID | C1: Route | D1: Passengers | E1: Ticket_Price | F1: Delay_Minutes | G1: Flight_Duration_Min | H1: Fuel_Cost | I1: Ancillary_Revenue | J1: Baggage_Complaints | K1: Customer_Rating | L1: Crew_Overtime_Hours
A2: 46023 | B2: SB-001 | C2: Delhi-Mumbai | D2: 143 | E2: 5650 | F2: 26 | G2: 133 | H2: 429 | I2: 60600 | J2: 2 | K2: 3.9
A3: 46024 | B3: SB-002 | C3: Delhi-Bengaluru | D3: 158 | E3: 7200 | F3: 18 | G3: 163 | H3: 528 | I3: 67600 | J3: 3 | K3: 4.1 | L3: 6.3
A4: 46025 | B4: SB-003 | C4: Delhi-Bengaluru | D4: 178 | E4: 6200 | F4: 6 | G4: 169 | H4: 585 | I4: 71700 | J4: 3 | K4: 4.4 | L4: 5.3
A5: 46026 | B5: SB-004 | C5: Delhi-Mumbai | D5: 145 | E5: 5800 | F5: 9 | G5: 131 | H5: 433 | I5: 61400 | J5: 4 | K5: 4.1 | L5: 4
A6: 46027 | B6: SB-005 | C6: Delhi-Mumbai | D6: 159 | E6: 5450 | F6: 18 | G6: 130 | H6: 428 | I6: 70000 | J6: 2 | K6: 4 | L6: 8.7
A7: 46028 | B7: SB-006 | C7: Delhi-Goa | D7: 161 | E7: 5950 | F7: 9 | G7: 173 | H7: 568 | I7: 63300 | J7: 5 | K7: 4 | L7: 4.8
A8: 46029 | B8: SB-007 | C8: Delhi-Goa | D8: 156 | E8: 6450 | F8: 22 | G8: 166 | H8: 554 | I8: 51600 | J8: 2 | K8: 4.4
A9: 46030 | B9: SB-008 | C9: Delhi-Mumbai | D9: 163 | E9: 5950 | F9: 8 | H9: 422 | I9: 67700 | J9: 0 | K9: 4 | L9: 7.4
A10: 46031 | B10: SB-009 | C10: Delhi-Bengaluru | D10: 152 | E10: 6900 | F10: 10 | G10: 165 | H10: 545 | I10: 52500 | J10: 4 | K10: 4.4 | L10: 5.5
A11: 46032 | B11: SB-010 | C11: Delhi-Mumbai | D11: 150 | E11: 5800 | G11: 129 | H11: 441 | I11: 66800 | J11: 4 | K11: 3.6 | L11: 8.6
A12: 46033 | B12: SB-011 | C12: Delhi-Goa | D12: 170 | E12: 5950 | F12: 15 | G12: 162 | H12: 530 | J12: 5 | K12: 3.6 | L12: 6.1
A13: 46034 | B13: SB-012 | C13: Delhi-Goa | D13: 159 | E13: 5450 | F13: 28 | G13: 174 | H13: 541 | I13: 57500 | J13: 3 | K13: 3.9 | L13: 6.4
A14: 46035 | B14: SB-013 | C14: Delhi-Bengaluru | D14: 167 | E14: 6300 | F14: 28 | G14: 168 | H14: 545 | I14: 57000 | J14: 2 | K14: 4.1 | L14: 7.3
A15: 46036 | B15: SB-014 | C15: Delhi-Goa | D15: 153 | E15: 5800 | F15: 6 | G15: 165 | H15: 555 | J15: 4 | K15: 4.5 | L15: 6.3
A16: 46037 | B16: SB-015 | C16: Delhi-Bengaluru | D16: 169 | E16: 57000 | F16: 15 | H16: 593 | I16: 63800 | J16: 3 | L16: 6.4
A17: 46038 | B17: SB-016 | C17: Delhi-Goa | D17: 155 | E17: 6250 | F17: 19 | G17: 168 | H17: 559 | I17: 65900 | J17: 7 | K17: 4.2 | L17: 7.9
A18: 46039 | B18: SB-017 | C18: Delhi-Bengaluru | D18: 145 | E18: 6700 | F18: 12 | G18: 164 | H18: 561 | I18: 48800 | J18: 2 | K18: 3.6 | L18: 4.8
A19: 46040 | B19: SB-018 | C19: Delhi-Mumbai | D19: 134 | E19: 5900 | F19: 23 | G19: 133 | H19: 424 | I19: 55100 | J19: 3 | K19: 4.2 | L19: 7.2
A20: 46041 | B20: SB-019 | C20: Delhi-Mumbai | D20: 137 | E20: 5150 | F20: 1 | G20: 133 | H20: 457 | J20: 1 | K20: 3.9 | L20: 6.4
A21: 46042 | B21: SB-020 | C21: Delhi-Mumbai | D21: 160 | E21: 5100 | F21: 39 | G21: 129 | H21: 429 | I21: 67600 | J21: 0 | K21: 3.8 | L21: 4.2
A22: 46043 | B22: SB-021 | C22: Delhi-Bengaluru | D22: 132 | E22: 6100 | F22: 26 | G22: 172 | H22: 577 | I22: 49900 | J22: 1 | K22: 4.5 | L22: 8.1
A23: 46044 | B23: SB-022 | C23: Delhi-Bengaluru | D23: 145 | E23: 6150 | F23: 10 | G23: 170 | H23: 521 | I23: 56100 | J23: 3 | K23: 4.4
A24: 46045 | B24: SB-023 | C24: Delhi-Bengaluru | D24: 180 | E24: 6250 | F24: -45 | G24: 164 | I24: 67700 | J24: 1 | K24: 4 | L24: 8.4
A25: 46046 | B25: SB-024 | D25: 168 | E25: 5850 | F25: 5 | G25: 128 | H25: 426 | I25: 69300 | J25: 2 | L25: 5.4
A26: 46047 | B26: SB-025 | C26: Delhi-Bengaluru | D26: 179 | E26: 7250 | F26: 24 | G26: 170 | H26: 588 | I26: 70300 | J26: 4 | K26: 4.3 | L26: 4.8
A27: 46048 | B27: SB-026 | C27: Delhi-Mumbai | D27: 138 | E27: 5450 | F27: 20 | G27: 128 | H27: 425 | I27: 60600 | J27: 2 | K27: 4.1
A28: 46049 | B28: SB-027 | C28: Delhi-Mumbai | D28: 120 | F28: 44 | G28: 132 | H28: 422 | I28: 38100 | J28: 2 | K28: 3.9 | L28: 5.2
A29: 46050 | B29: SB-028 | C29: Delhi-Bengaluru | D29: 168 | E29: 6150 | F29: 6 | G29: 174 | H29: 563 | I29: 58500 | J29: 6 | K29: 4 | L29: 4.9
A30: 46051 | B30: SB-029 | C30: Delhi-Bengaluru | D30: 133 | E30: 5550 | F30: 14 | G30: 171 | H30: 570 | I30: 44300 | J30: 2 | K30: 4.3 | L30: 7.1
A31: 46052 | B31: SB-030 | C31: Delhi-Mumbai | D31: 159 | E31: 5050 | F31: 11 | G31: 129 | H31: 430 | I31: 64400 | J31: 6 | K31: 4.4 | L31: 5.5
A32: 46053 | B32: SB-031 | C32: Delhi-Mumbai | D32: 161 | E32: 5800 | F32: 10 | G32: 135 | H32: 437 | I32: 51700 | J32: 4 | K32: 4 | L32: 6.8
A33: 46054 | B33: SB-032 | C33: Delhi-Goa | D33: 147 | E33: 6300 | F33: 12 | G33: 166 | H33: 533 | I33: 68400 | J33: 2 | K33: 3.7 | L33: 4.2
A34: 46055 | B34: SB-033 | C34: Delhi-Goa | D34: 169 | E34: 5600 | F34: 24 | G34: 166 | H34: 569 | I34: 64800 | J34: 1 | K34: 4.5 | L34: 3.9
A35: 46056 | B35: SB-034 | C35: Delhi-Bengaluru | D35: 169 | E35: 5450 | F35: 26 | G35: 167 | H35: 548 | I35: 71400 | J35: 8 | K35: 3.9 | L35: 5.6
A36: 46057 | B36: SB-035 | C36: Delhi-Mumbai | D36: 157 | E36: 4800 | F36: 39 | G36: 129 | H36: 425 | I36: 54400 | J36: 4 | K36: 4.1 | L36: 7.7
A37: 46058 | B37: SB-036 | C37: Delhi-Goa | D37: 150 | E37: 5850 | F37: 8 | G37: 169 | H37: 550 | I37: 58000 | J37: 5 | K37: 4 | L37: 6.1
A38: 46059 | B38: SB-037 | C38: Delhi-Bengaluru | D38: 160 | E38: 6600 | F38: 6 | G38: 173 | H38: 590 | I38: 64300 | J38: 3 | K38: 4 | L38: 7.9
A39: 46060 | B39: SB-038 | C39: Delhi-Bengaluru | D39: 215 | E39: 6800 | F39: 5 | G39: 169 | H39: 573 | I39: 51500 | J39: 4 | K39: 4.5
A40: 46061 | B40: SB-039 | C40: Delhi-Goa | D40: 155 | E40: 6700 | F40: 25 | G40: 165 | H40: 530 | I40: 57700 | J40: 2 | K40: 4 | L40: 6.7
A41: 46062 | B41: SB-040 | C41: Delhi-Mumbai | D41: 149 | E41: 5100 | F41: 20 | G41: 131 | H41: 431 | I41: 64700 | J41: 2 | K41: 4.3 | L41: 5
A42: 46063 | B42: SB-041 | C42: Delhi-Bengaluru | D42: 140 | E42: 6250 | F42: 14 | G42: 166 | H42: 535 | I42: 59400 | J42: 0 | K42: 4.4 | L42: 4
A43: 46064 | B43: SB-042 | C43: Delhi-Mumbai | D43: 160 | E43: 5150 | F43: 3 | G43: 129 | H43: 452 | I43: 64000 | J43: 0 | K43: 4.1 | L43: 4.2
A44: 46065 | B44: SB-043 | C44: Delhi-Mumbai | D44: 133 | E44: 5050 | G44: 128 | H44: 429 | I44: 59700 | J44: 3 | K44: 4.3 | L44: 4.8
A45: 46066 | B45: SB-044 | C45: Delhi-Bengaluru | D45: 153 | E45: 6500 | F45: 21 | G45: 164 | H45: 537 | I45: 47700 | J45: 2 | K45: 4.3 | L45: 9.3
A46: 46067 | B46: SB-045 | C46: Delhi-Mumbai | D46: 131 | F46: 13 | G46: 131 | H46: 428 | I46: 51100 | J46: 4 | K46: 4.5 | L46: 4.3
A47: 46068 | B47: SB-046 | C47: Delhi-Bengaluru | E47: 6300 | F47: 17 | G47: 169 | I47: 60100 | J47: 2 | K47: 4.1 | L47: 5
A48: 46069 | B48: SB-047 | C48: Delhi-Bengaluru | D48: 159 | F48: 6 | G48: 164 | H48: 538 | I48: 68300 | K48: 4.2 | L48: 8.2
A49: 46070 | B49: SB-048 | C49: Delhi-Mumbai | E49: 5650 | F49: 16 | G49: 127 | H49: 441 | I49: 65800 | J49: 4 | L49: 5.3
A50: 46071 | B50: SB-049 | C50: Delhi-Bengaluru | D50: 180 | E50: 6100 | F50: 8 | G50: 170 | H50: 548 | K50: 4.4 | L50: 7
A51: 46072 | B51: SB-050 | C51: Delhi-Bengaluru | D51: 161 | G51: 158 | H51: 504 | I51: 57800 | J51: 2 | K51: 4.2 | L51: 2.8
A52: 46073 | B52: SB-051 | C52: Delhi-Bengaluru | D52: 147 | E52: 6150 | F52: 3 | G52: 171 | H52: 584 | I52: 58700 | J52: 2 | K52: 3.9 | L52: 4.6
A53: 46074 | B53: SB-052 | C53: Delhi-Mumbai | D53: 180 | E53: 6300 | F53: 13 | G53: 131 | H53: 426 | I53: 75200 | J53: 1 | K53: 4.1 | L53: 7
A54: 46075 | B54: SB-053 | C54: Delhi-Bengaluru | D54: 147 | E54: 6900 | F54: 380 | G54: 173 | H54: 980 | I54: 62500 | J54: 19 | K54: 4.2 | L54: 31.5
A55: 46076 | B55: SB-054 | C55: Delhi-Bengaluru | D55: 159 | E55: 6150 | F55: 20 | G55: 168 | H55: 567 | I55: 55300 | J55: 4 | K55: 4 | L55: 6.6
A56: 46077 | B56: SB-055 | C56: Delhi-Bengaluru | D56: 159 | E56: 6100 | F56: 2 | G56: 164 | H56: 522 | I56: 56600 | J56: 0 | K56: 4.1 | L56: 6.1
A57: 46078 | B57: SB-056 | C57: Delhi-Bengaluru | D57: 139 | E57: 6250 | F57: 40 | G57: 173 | H57: 562 | I57: 54000 | K57: 3.5 | L57: 5.8
A58: 46079 | B58: SB-057 | C58: Delhi-Bengaluru | D58: 167 | E58: 5900 | F58: 16 | G58: 165 | H58: 545 | I58: 71600 | J58: 1 | K58: 4.2 | L58: 5.9
A59: 46080 | B59: SB-058 | C59: Delhi-Bengaluru | D59: 162 | E59: 6650 | F59: 17 | G59: 172 | H59: 565 | I59: 65100 | J59: 1 | K59: 4 | L59: 7.3
A60: 46081 | B60: SB-059 | C60: Delhi-Mumbai | D60: 165 | E60: 5350 | F60: 31 | G60: 127 | H60: 423 | I60: 70600 | J60: 5 | K60: 4.3
A61: 46082 | B61: SB-060 | C61: Delhi-Goa | D61: 150 | E61: 6400 | F61: 8 | G61: 161 | H61: 523 | I61: 46700 | J61: 3 | K61: 4.2 | L61: 7.6
A62: 46083 | B62: SB-061 | C62: Delhi-Bengaluru | D62: 166 | E62: 5900 | F62: 6 | G62: 171 | H62: 563 | I62: 61500 | J62: 2 | K62: 4.4 | L62: 7.3
A63: 46084 | B63: SB-062 | C63: Delhi-Mumbai | D63: 140 | E63: 5450 | F63: 23 | G63: 134 | H63: 456 | I63: 55600 | J63: 3 | K63: 3.8 | L63: 8.7
A64: 46085 | B64: SB-063 | C64: Delhi-Bengaluru | D64: 129 | E64: 6050 | F64: 17 | G64: 169 | H64: 576 | I64: 50200 | J64: 2 | K64: 4.2 | L64: 5.6
A65: 46086 | B65: SB-064 | C65: Delhi-Mumbai | D65: 167 | E65: 5300 | F65: 27 | G65: 129 | H65: 415 | I65: 52400 | J65: 8 | K65: 4.2 | L65: 6.7
A66: 46087 | B66: SB-065 | C66: Delhi-Goa | D66: 153 | E66: 7150 | F66: 20 | G66: 158 | H66: 518 | I66: 64000 | J66: 1 | K66: 4.3 | L66: 4.7
A67: 46088 | B67: SB-066 | C67: Delhi-Goa | D67: 159 | E67: 6500 | F67: 40 | G67: 168 | H67: 553 | I67: 62300 | J67: 4 | K67: 3.9 | L67: 7.6
A68: 46089 | B68: SB-067 | C68: Delhi-Mumbai | D68: 180 | E68: 5700 | F68: 5 | G68: 130 | H68: 410 | I68: 65500 | J68: 3 | K68: 4 | L68: 5
A69: 46090 | B69: SB-068 | D69: 164 | E69: 5200 | F69: 28 | G69: 129 | H69: 439 | I69: 69200 | J69: 5 | K69: 4.5 | L69: 7.4
A70: 46091 | B70: SB-069 | C70: Delhi-Bengaluru | D70: 158 | E70: 5800 | F70: 5 | G70: 175 | H70: 585 | I70: 50500 | J70: 1 | K70: 4.2
A71: 46092 | B71: SB-070 | C71: Delhi-Mumbai | D71: 163 | E71: 5550 | F71: 39 | G71: 124 | H71: 416 | I71: 59000 | J71: 5 | K71: 3.7 | L71: 6.4
A72: 46093 | B72: SB-071 | C72: Delhi-Bengaluru | D72: 141 | E72: 6600 | F72: 25 | G72: 168 | I72: 57900 | J72: 3 | K72: 4 | L72: 6.8
A73: 46094 | B73: SB-072 | C73: Delhi-Bengaluru | D73: 167 | E73: 6600 | F73: 5 | G73: 170 | I73: 65700 | J73: 2 | K73: 4.3 | L73: 5
A74: 46095 | B74: SB-073 | C74: Delhi-Goa | D74: 171 | E74: 6750 | F74: 21 | G74: 164 | I74: 63600 | J74: 6 | K74: 3.9 | L74: 5.3
A75: 46096 | B75: SB-074 | C75: Delhi-Goa | D75: 167 | E75: 6250 | F75: 2 | G75: 155 | H75: 528 | I75: 62600 | J75: 3 | K75: 4.4 | L75: 5.1
A76: 46097 | B76: SB-075 | C76: Delhi-Goa | D76: 148 | E76: 5250 | F76: 29 | G76: 166 | H76: 545 | I76: 55000 | J76: 2 | L76: 5.7
A77: 46098 | B77: SB-076 | C77: Delhi-Bengaluru | E77: 5900 | F77: 15 | G77: 170 | H77: 566 | I77: 43100 | J77: 3 | K77: 4.2 | L77: 7.2
A78: 46099 | B78: SB-077 | C78: Delhi-Mumbai | D78: 157 | E78: 4900 | F78: 10 | G78: 134 | H78: 437 | I78: 58000 | J78: 8 | K78: 9.4 | L78: 5.6
A79: 46100 | B79: SB-078 | C79: Delhi-Goa | F79: 20 | G79: 173 | H79: 566 | I79: 61000 | J79: 5 | K79: 4.1 | L79: 5.5
A80: 46101 | B80: SB-079 | C80: Delhi-Mumbai | D80: 154 | E80: 5800 | F80: 12 | G80: 129 | H80: 439 | I80: 47300 | J80: 6 | K80: 4.1 | L80: 7.4
A81: 46102 | B81: SB-080 | C81: Delhi-Mumbai | D81: 167 | E81: 5350 | F81: 11 | G81: 132 | H81: 436 | I81: 70600 | J81: 5 | K81: 4.6 | L81: 7.2
A82: 46103 | B82: SB-081 | C82: Delhi-Mumbai | D82: 161 | E82: 5600 | F82: 18 | G82: 131 | H82: 430 | I82: 74900 | J82: 7 | K82: 4.3 | L82: 6
A83: 46104 | B83: SB-082 | C83: Delhi-Bengaluru | D83: 152 | E83: 6150 | F83: 26 | G83: 171 | H83: 573 | I83: 60400 | J83: 3 | K83: 4.1 | L83: 10.1
A84: 46105 | B84: SB-083 | D84: 132 | E84: 5900 | F84: 13 | G84: 169 | H84: 567 | I84: 49800 | J84: 2 | K84: 3.7 | L84: 4.6
A85: 46106 | B85: SB-084 | C85: Delhi-Mumbai | D85: 132 | E85: 4950 | F85: 15 | G85: 132 | H85: 425 | I85: 47700 | J85: 4 | K85: 3.8 | L85: 8.6
A86: 46107 | B86: SB-085 | C86: Delhi-Mumbai | D86: 154 | E86: 5250 | F86: 28 | G86: 135 | H86: 436 | I86: 62300 | J86: 1 | K86: 3.6 | L86: 6.8
A87: 46108 | B87: SB-086 | C87: Delhi-Bengaluru | D87: 159 | E87: 6850 | F87: 25 | G87: 167 | H87: 561 | I87: 56800 | J87: 1 | K87: 4.1 | L87: 7.9
A88: 46109 | B88: SB-087 | C88: Delhi-Bengaluru | D88: 160 | F88: 18 | G88: 178 | H88: 595 | I88: 56200 | J88: 2 | K88: 4.1 | L88: 5.8
A89: 46110 | B89: SB-088 | C89: Delhi-Bengaluru | D89: 160 | E89: 6350 | F89: 15 | G89: 172 | H89: 565 | I89: 48900 | J89: 3 | K89: 4.3 | L89: 8
A90: 46111 | B90: SB-089 | C90: Delhi-Bengaluru | D90: 155 | E90: 6050 | F90: 18 | G90: 171 | H90: 581 | I90: 60200 | J90: 4 | K90: 4.4 | L90: 4.8
A91: 46112 | B91: SB-090 | C91: Delhi-Goa | D91: 150 | E91: 5900 | G91: 156 | H91: 513 | I91: 55500 | J91: 4 | K91: 3.9 | L91: 7.2
A92: 46113 | B92: SB-091 | C92: Delhi-Goa | D92: 152 | E92: 5650 | G92: 165 | H92: 517 | I92: 56500 | J92: 4 | K92: 3.7 | L92: 6.8
A93: 46114 | B93: SB-092 | D93: 153 | E93: 5100 | F93: 18 | G93: 410 | H93: 405 | I93: 58100 | J93: 5 | K93: 3.9 | L93: 7.6
A94: 46115 | B94: SB-093 | C94: Delhi-Goa | D94: 169 | E94: 6200 | F94: 29 | G94: 167 | H94: 530 | I94: 60000 | J94: 0 | K94: 4.2 | L94: 5.7
A95: 46116 | B95: SB-094 | C95: Delhi-Goa | D95: 152 | E95: 5950 | F95: 2 | G95: 169 | H95: 574 | I95: 58800 | J95: 4 | K95: 4.3 | L95: 6.6
A96: 46117 | B96: SB-095 | C96: Delhi-Bengaluru | D96: 167 | E96: 6550 | F96: 2 | G96: 175 | H96: 585 | I96: 57100 | K96: 4 | L96: 4.8
A97: 46118 | B97: SB-096 | C97: Delhi-Bengaluru | D97: 158 | E97: 5950 | F97: 4 | H97: 559 | I97: 59400 | J97: 1 | K97: 4.1 | L97: 5.5
A98: 46119 | B98: SB-097 | C98: Delhi-Bengaluru | D98: 151 | E98: 6600 | F98: 8 | G98: 170 | H98: 529 | I98: 55900 | J98: 3 | K98: 4.3 | L98: 5.7
A99: 46120 | B99: SB-098 | C99: Delhi-Goa | E99: 5650 | F99: 9 | G99: 167 | H99: 530 | I99: 46100 | K99: 4.2 | L99: 5.2
A100: 46121 | B100: SB-099 | C100: Delhi-Mumbai | D100: 154 | E100: 5350 | F100: 16 | G100: 122 | H100: 400 | I100: 52000 | J100: 1 | K100: 4.4 | L100: 5.5
...

Sheet Excel_Stats
A1: Descriptive statistics of Unclean_Data (live Excel formulas)
A2: Outlier rule: below Q1 - 1.5 x IQR or above Q3 + 1.5 x IQR. Blank cells are ignored by Excel functions.
A4: Variable | B4: Count | C4: Missing | D4: Mean | E4: Median | F4: Std Dev | G4: Min | H4: Q1 | I4: Q3 | J4: Max | K4: IQR | L4: Lower Fence | M4: Upper Fence | N4: # Outliers
A5: Passengers | B5: =COUNT(Unclean_Data!$D$2:$D$121) -> 115 | C5: =COUNTBLANK(Unclean_Data!$D$2:$D$121) -> 5 | D5: =AVERAGE(Unclean_Data!$D$2:$D$121) -> 154.95652 | E5: =MEDIAN(Unclean_Data!$D$2:$D$121) -> 155 | F5: =STDEV(Unclean_Data!$D$2:$D$121) -> 13.612682 | G5: =MIN(Unclean_Data!$D$2:$D$121) -> 120 | H5: =QUARTILE(Unclean_Data!$D$2:$D$121,1) -> 147 | I5: =QUARTILE(Unclean_Data!$D$2:$D$121,3) -> 163 | J5: =MAX(Unclean_Data!$D$2:$D$121) -> 215 | K5: =I5-H5 -> 16 | L5: =H5-1.5*K5 -> 123 | M5: =I5+1.5*K5 -> 187 | N5: =COUNTIF(Unclean_Data!$D$2:$D$121,"<"&L5)+COUNTIF(Unclean_Data!$D$2:$D$121,">"&M5) -> 2
A6: Ticket_Price | B6: =COUNT(Unclean_Data!$E$2:$E$121) -> 113 | C6: =COUNTBLANK(Unclean_Data!$E$2:$E$121) -> 7 | D6: =AVERAGE(Unclean_Data!$E$2:$E$121) -> 6374.3363 | E6: =MEDIAN(Unclean_Data!$E$2:$E$121) -> 5900 | F6: =STDEV(Unclean_Data!$E$2:$E$121) -> 4836.7091 | G6: =MIN(Unclean_Data!$E$2:$E$121) -> 4800 | H6: =QUARTILE(Unclean_Data!$E$2:$E$121,1) -> 5550 | I6: =QUARTILE(Unclean_Data!$E$2:$E$121,3) -> 6300 | J6: =MAX(Unclean_Data!$E$2:$E$121) -> 57000 | K6: =I6-H6 -> 750 | L6: =H6-1.5*K6 -> 4425 | M6: =I6+1.5*K6 -> 7425 | N6: =COUNTIF(Unclean_Data!$E$2:$E$121,"<"&L6)+COUNTIF(Unclean_Data!$E$2:$E$121,">"&M6) -> 1
A7: Delay_Minutes | B7: =COUNT(Unclean_Data!$F$2:$F$121) -> 114 | C7: =COUNTBLANK(Unclean_Data!$F$2:$F$121) -> 6 | D7: =AVERAGE(Unclean_Data!$F$2:$F$121) -> 19.394737 | E7: =MEDIAN(Unclean_Data!$F$2:$F$121) -> 16 | F7: =STDEV(Unclean_Data!$F$2:$F$121) -> 35.888376 | G7: =MIN(Unclean_Data!$F$2:$F$121) -> -45 | H7: =QUARTILE(Unclean_Data!$F$2:$F$121,1) -> 9 | I7: =QUARTILE(Unclean_Data!$F$2:$F$121,3) -> 23.75 | J7: =MAX(Unclean_Data!$F$2:$F$121) -> 380 | K7: =I7-H7 -> 14.75 | L7: =H7-1.5*K7 -> -13.125 | M7: =I7+1.5*K7 -> 45.875 | N7: =COUNTIF(Unclean_Data!$F$2:$F$121,"<"&L7)+COUNTIF(Unclean_Data!$F$2:$F$121,">"&M7) -> 2
A8: Flight_Duration_Min | B8: =COUNT(Unclean_Data!$G$2:$G$121) -> 116 | C8: =COUNTBLANK(Unclean_Data!$G$2:$G$121) -> 4 | D8: =AVERAGE(Unclean_Data!$G$2:$G$121) -> 157.18966 | E8: =MEDIAN(Unclean_Data!$G$2:$G$121) -> 165 | F8: =STDEV(Unclean_Data!$G$2:$G$121) -> 30.011567 | G8: =MIN(Unclean_Data!$G$2:$G$121) -> 122 | H8: =QUARTILE(Unclean_Data!$G$2:$G$121,1) -> 132 | I8: =QUARTILE(Unclean_Data!$G$2:$G$121,3) -> 170 | J8: =MAX(Unclean_Data!$G$2:$G$121) -> 410 | K8: =I8-H8 -> 38 | L8: =H8-1.5*K8 -> 75 | M8: =I8+1.5*K8 -> 227 | N8: =COUNTIF(Unclean_Data!$G$2:$G$121,"<"&L8)+COUNTIF(Unclean_Data!$G$2:$G$121,">"&M8) -> 1
A9: Fuel_Cost | B9: =COUNT(Unclean_Data!$H$2:$H$121) -> 114 | C9: =COUNTBLANK(Unclean_Data!$H$2:$H$121) -> 6 | D9: =AVERAGE(Unclean_Data!$H$2:$H$121) -> 511.2193 | E9: =MEDIAN(Unclean_Data!$H$2:$H$121) -> 530 | F9: =STDEV(Unclean_Data!$H$2:$H$121) -> 78.027538 | G9: =MIN(Unclean_Data!$H$2:$H$121) -> 398 | H9: =QUARTILE(Unclean_Data!$H$2:$H$121,1) -> 433 | I9: =QUARTILE(Unclean_Data!$H$2:$H$121,3) -> 563.75 | J9: =MAX(Unclean_Data!$H$2:$H$121) -> 980 | K9: =I9-H9 -> 130.75 | L9: =H9-1.5*K9 -> 236.875 | M9: =I9+1.5*K9 -> 759.875 | N9: =COUNTIF(Unclean_Data!$H$2:$H$121,"<"&L9)+COUNTIF(Unclean_Data!$H$2:$H$121,">"&M9) -> 1
A10: Ancillary_Revenue | B10: =COUNT(Unclean_Data!$I$2:$I$121) -> 114 | C10: =COUNTBLANK(Unclean_Data!$I$2:$I$121) -> 6 | D10: =AVERAGE(Unclean_Data!$I$2:$I$121) -> 59615.789 | E10: =MEDIAN(Unclean_Data!$I$2:$I$121) -> 58800 | F10: =STDEV(Unclean_Data!$I$2:$I$121) -> 11182.331 | G10: =MIN(Unclean_Data!$I$2:$I$121) -> 37900 | H10: =QUARTILE(Unclean_Data!$I$2:$I$121,1) -> 54425 | I10: =QUARTILE(Unclean_Data!$I$2:$I$121,3) -> 64225 | J10: =MAX(Unclean_Data!$I$2:$I$121) -> 148000 | K10: =I10-H10 -> 9800 | L10: =H10-1.5*K10 -> 39725 | M10: =I10+1.5*K10 -> 78925 | N10: =COUNTIF(Unclean_Data!$I$2:$I$121,"<"&L10)+COUNTIF(Unclean_Data!$I$2:$I$121,">"&M10) -> 3
A11: Baggage_Complaints | B11: =COUNT(Unclean_Data!$J$2:$J$121) -> 115 | C11: =COUNTBLANK(Unclean_Data!$J$2:$J$121) -> 5 | D11: =AVERAGE(Unclean_Data!$J$2:$J$121) -> 3.1043478 | E11: =MEDIAN(Unclean_Data!$J$2:$J$121) -> 3 | F11: =STDEV(Unclean_Data!$J$2:$J$121) -> 2.4111361 | G11: =MIN(Unclean_Data!$J$2:$J$121) -> 0 | H11: =QUARTILE(Unclean_Data!$J$2:$J$121,1) -> 2 | I11: =QUARTILE(Unclean_Data!$J$2:$J$121,3) -> 4 | J11: =MAX(Unclean_Data!$J$2:$J$121) -> 19 | K11: =I11-H11 -> 2 | L11: =H11-1.5*K11 -> -1 | M11: =I11+1.5*K11 -> 7 | N11: =COUNTIF(Unclean_Data!$J$2:$J$121,"<"&L11)+COUNTIF(Unclean_Data!$J$2:$J$121,">"&M11) -> 6
A12: Customer_Rating | B12: =COUNT(Unclean_Data!$K$2:$K$121) -> 113 | C12: =COUNTBLANK(Unclean_Data!$K$2:$K$121) -> 7 | D12: =AVERAGE(Unclean_Data!$K$2:$K$121) -> 4.1743363 | E12: =MEDIAN(Unclean_Data!$K$2:$K$121) -> 4.1 | F12: =STDEV(Unclean_Data!$K$2:$K$121) -> 0.55818244 | G12: =MIN(Unclean_Data!$K$2:$K$121) -> 3.5 | H12: =QUARTILE(Unclean_Data!$K$2:$K$121,1) -> 4 | I12: =QUARTILE(Unclean_Data!$K$2:$K$121,3) -> 4.3 | J12: =MAX(Unclean_Data!$K$2:$K$121) -> 9.4 | K12: =I12-H12 -> 0.3 | L12: =H12-1.5*K12 -> 3.55 | M12: =I12+1.5*K12 -> 4.75 | N12: =COUNTIF(Unclean_Data!$K$2:$K$121,"<"&L12)+COUNTIF(Unclean_Data!$K$2:$K$121,">"&M12) -> 2
A13: Crew_Overtime_Hours | B13: =COUNT(Unclean_Data!$L$2:$L$121) -> 112 | C13: =COUNTBLANK(Unclean_Data!$L$2:$L$121) -> 8 | D13: =AVERAGE(Unclean_Data!$L$2:$L$121) -> 6.4785714 | E13: =MEDIAN(Unclean_Data!$L$2:$L$121) -> 6.1 | F13: =STDEV(Unclean_Data!$L$2:$L$121) -> 2.8053818 | G13: =MIN(Unclean_Data!$L$2:$L$121) -> 2.8 | H13: =QUARTILE(Unclean_Data!$L$2:$L$121,1) -> 5.2 | I13: =QUARTILE(Unclean_Data!$L$2:$L$121,3) -> 7.3 | J13: =MAX(Unclean_Data!$L$2:$L$121) -> 31.5 | K13: =I13-H13 -> 2.1 | L13: =H13-1.5*K13 -> 2.05 | M13: =I13+1.5*K13 -> 10.45 | N13: =COUNTIF(Unclean_Data!$L$2:$L$121,"<"&L13)+COUNTIF(Unclean_Data!$L$2:$L$121,">"&M13) -> 1
